{
    "pavilion": [
        [
            39.3837384788123,
            -78.04298314751757
        ],
        [
            39.38372085732385,
            -78.04305154384465
        ],
        [
            39.38355293467988,
            -78.04298918248622
        ],
        [
            39.383570556210735,
            -78.04292346836804
        ]
    ],
    "cornMaze": [
        [
            39.384167693973836,
            -78.04368000125827
        ],
        [
            39.384132828662835,
            -78.04455286422159
        ],
        [
            39.38272504784476,
            -78.04442068405612
        ],
        [
            39.38274073755334,
            -78.04343279264026
        ]
    ],
    "pumpkinPatch1": [
        [
            39.382195556313334,
            -78.04497710031059
        ],
        [
            39.381696966621945,
            -78.04471095604787
        ],
        [
            39.3814424404413,
            -78.0463168434636
        ],
        [
            39.38163769348471,
            -78.04668899433943
        ],
        [
            39.38190442220593,
            -78.04699348141966
        ]
    ],
    "pumpkinPatch2": [
        [
            39.38238383401818,
            -78.04628977798133
        ],
        [
            39.38260523399513,
            -78.0462627124631
        ],
        [
            39.38269239914771,
            -78.0461995595872
        ],
        [
            39.38278130749119,
            -78.0461657276894
        ],
        [
            39.382720291973556,
            -78.0468310883462
        ],
        [
            39.38275690129055,
            -78.04741074152855
        ],
        [
            39.38282837656837,
            -78.04798813925106
        ],
        [
            39.38242567343771,
            -78.04806031396637
        ],
        [
            39.38232107484185,
            -78.04695062771843
        ],
        [
            39.38233327801944,
            -78.04662584149952
        ]
    ],
    "sunflowers": [
        [
            39.38162840970017,
            -78.04468361276858
        ],
        [
            39.38110366583773,
            -78.04440844666645
        ],
        [
            39.380935044800324,
            -78.04496410309824
        ],
        [
            39.381490694889806,
            -78.04522626717747
        ]
    ],
    "parking": [
        [
            39.38481031761221,
            -78.04301429122442
        ],
        [
            39.38482229657089,
            -78.04266701254909
        ],
        [
            39.38505228919485,
            -78.04256103189655
        ],
        [
            39.38557449780491,
            -78.04243316678473
        ],
        [
            39.38594359859185,
            -78.04237517121719
        ],
        [
            39.38660945959089,
            -78.04296323498832
        ],
        [
            39.38720632587738,
            -78.0434451835295
        ],
        [
            39.38717355678357,
            -78.04351886489675
        ],
        [
            39.38705758919716,
            -78.04352382114078
        ],
        [
            39.38696536038696,
            -78.04366733880218
        ],
        [
            39.38703748234209,
            -78.04380799492615
        ],
        [
            39.38715643980731,
            -78.04380207842264
        ],
        [
            39.38722618586585,
            -78.04368250454078
        ],
        [
            39.38718730594811,
            -78.04353417391133
        ],
        [
            39.38721676585061,
            -78.04346030075236
        ],
        [
            39.38809532916897,
            -78.04415326238191
        ],
        [
            39.38737642338589,
            -78.04481019738122
        ],
        [
            39.38668480472798,
            -78.04375453909363
        ],
        [
            39.38629599754798,
            -78.04336242767336
        ],
        [
            39.38563767398374,
            -78.04289324715265
        ],
        [
            39.38481031761221,
            -78.04301429122442
        ]
    ],
    "meadow": [
        [
            39.38455262999532,
            -78.04309069124558
        ],
        [
            39.38441534779643,
            -78.04311799366127
        ],
        [
            39.38429809133059,
            -78.04324174451209
        ],
        [
            39.38422705255935,
            -78.04329425947746
        ],
        [
            39.38412947802303,
            -78.04333772403662
        ],
        [
            39.3841296119118,
            -78.04342741468267
        ],
        [
            39.38406097237566,
            -78.0434919949827
        ],
        [
            39.38401126081848,
            -78.04347371656286
        ],
        [
            39.38387974735232,
            -78.04344407779992
        ],
        [
            39.38375138758046,
            -78.0434290773179
        ],
        [
            39.38361932482493,
            -78.04342472224465
        ],
        [
            39.3834635342841,
            -78.04338572874086
        ],
        [
            39.38328919418718,
            -78.04332832384449
        ],
        [
            39.38307631169106,
            -78.04328125832755
        ],
        [
            39.38288055282338,
            -78.04323301628214
        ],
        [
            39.38279158533962,
            -78.04319153828723
        ],
        [
            39.38285376768982,
            -78.04288093191941
        ],
        [
            39.38290304542633,
            -78.04280662364224
        ],
        [
            39.38322659747622,
            -78.04260185407503
        ],
        [
            39.38341153599814,
            -78.04252206775986
        ],
        [
            39.38337503618315,
            -78.04266417461662
        ],
        [
            39.38406450526296,
            -78.04287269926859
        ],
        [
            39.3840656300847,
            -78.04280423483901
        ],
        [
            39.38458632660144,
            -78.04278092139923
        ],
        [
            39.38455262999532,
            -78.04309069124558
        ]
    ],
    "natureMazeBounds": [
        [
            39.38433755056818,
            -78.04815356994779
        ],
        [
            39.38560011456507,
            -78.04826795658059
        ],
        [
            39.38643624099736,
            -78.04837284514873
        ],
        [
            39.38621890421253,
            -78.04990261399008
        ],
        [
            39.38611174169476,
            -78.05040874068244
        ],
        [
            39.38598493327811,
            -78.05053777844014
        ],
        [
            39.38584508966504,
            -78.05054106290775
        ],
        [
            39.38502786979112,
            -78.0505339172381
        ],
        [
            39.3844381979019,
            -78.05051266087392
        ],
        [
            39.38414821849114,
            -78.04900918251774
        ],
        [
            39.38433755056818,
            -78.04815356994779
        ]
    ],